line_id,route_id
Line:Relation:36997,Route:Relation:1103950
Line:Relation:36997,Route:Relation:1103951
Line:Relation:107352,Route:Relation:1103949
Line:Relation:107352,Route:Relation:1103948
Line:Relation:107354,Route:Relation:1103964
Line:Relation:107354,Route:Relation:1103965
Line:Relation:107356,Route:Relation:1104172
Line:Relation:107356,Route:Relation:1104173
Line:Relation:109875,Route:Relation:6578390
Line:Relation:109875,Route:Relation:6323608
Line:Relation:109875,Route:Relation:4118399
Line:Relation:109875,Route:Relation:4117951
Line:Relation:122886,Route:Relation:3014389
Line:Relation:122886,Route:Relation:3012069
Line:Relation:122886,Route:Relation:3023359
Line:Relation:122886,Route:Relation:3027737
Line:Relation:122886,Route:Relation:3049185
Line:Relation:122886,Route:Relation:3049201
Line:Relation:122886,Route:Relation:3046871
Line:Relation:122886,Route:Relation:3047780
Line:Relation:122886,Route:Relation:3019053
Line:Relation:122886,Route:Relation:3019054
Line:Relation:122886,Route:Relation:3007168
Line:Relation:122886,Route:Relation:3007169
Line:Relation:122886,Route:Relation:3019746
Line:Relation:122886,Route:Relation:3006693
Line:Relation:122886,Route:Relation:3006271
Line:Relation:122886,Route:Relation:3006270
Line:Relation:122886,Route:Relation:3007018
Line:Relation:122886,Route:Relation:3007017
Line:Relation:215565,Route:Relation:7306761
Line:Relation:215565,Route:Relation:7306760
Line:Relation:225665,Route:Relation:6012726
Line:Relation:225665,Route:Relation:6012725
Line:Relation:225800,Route:Relation:1257208
Line:Relation:225800,Route:Relation:1257204
Line:Relation:225801,Route:Relation:1484099
Line:Relation:225801,Route:Relation:1484100
Line:Relation:226276,Route:Relation:1246572
Line:Relation:226276,Route:Relation:1246573
Line:Relation:253357,Route:Relation:1621703
Line:Relation:253357,Route:Relation:7306985
Line:Relation:253357,Route:Relation:7306984
Line:Relation:253357,Route:Relation:7306983
Line:Relation:255442,Route:Relation:1257112
Line:Relation:255442,Route:Relation:1257119
Line:Relation:332709,Route:Relation:3256306
Line:Relation:332709,Route:Relation:3256307
Line:Relation:387064,Route:Relation:1250702
Line:Relation:387064,Route:Relation:2640678
Line:Relation:399375,Route:Relation:7425724
Line:Relation:399375,Route:Relation:7425725
Line:Relation:399375,Route:Relation:7235484
Line:Relation:399375,Route:Relation:7235438
Line:Relation:557587,Route:Relation:4067195
Line:Relation:557587,Route:Relation:3327924
Line:Relation:611648,Route:Relation:3309207
Line:Relation:611648,Route:Relation:3309208
Line:Relation:611689,Route:Relation:7918116
Line:Relation:611689,Route:Relation:7918117
Line:Relation:901462,Route:Relation:1749963
Line:Relation:901462,Route:Relation:1749962
Line:Relation:937383,Route:Relation:7398767
Line:Relation:937383,Route:Relation:7398766
Line:Relation:937383,Route:Relation:7398765
Line:Relation:937383,Route:Relation:7398763
Line:Relation:937390,Route:Relation:1253892
Line:Relation:937390,Route:Relation:1253900
Line:Relation:937390,Route:Relation:7925363
Line:Relation:937390,Route:Relation:7925362
Line:Relation:949582,Route:Relation:6049087
Line:Relation:949582,Route:Relation:6049086
Line:Relation:949583,Route:Relation:1207846
Line:Relation:949583,Route:Relation:5950847
Line:Relation:949584,Route:Relation:7827569
Line:Relation:949584,Route:Relation:7827568
Line:Relation:949584,Route:Relation:7828077
Line:Relation:949584,Route:Relation:7827966
Line:Relation:949585,Route:Relation:5900606
Line:Relation:949585,Route:Relation:5900604
Line:Relation:952693,Route:Relation:3479452
Line:Relation:952693,Route:Relation:5950848
Line:Relation:952830,Route:Relation:1252552
Line:Relation:952830,Route:Relation:1252550
Line:Relation:954976,Route:Relation:5953315
Line:Relation:954976,Route:Relation:5953314
Line:Relation:954977,Route:Relation:1253992
Line:Relation:954977,Route:Relation:1253999
Line:Relation:968720,Route:Relation:7358692
Line:Relation:968720,Route:Relation:3307633
Line:Relation:968720,Route:Relation:7358708
Line:Relation:968720,Route:Relation:3307634
Line:Relation:1057488,Route:Relation:1066789
Line:Relation:1057488,Route:Relation:1066790
Line:Relation:1057488,Route:Relation:6894445
Line:Relation:1057566,Route:Relation:1257169
Line:Relation:1057566,Route:Relation:1257182
Line:Relation:1057567,Route:Relation:1257166
Line:Relation:1057567,Route:Relation:1257172
Line:Relation:1057570,Route:Relation:1083263
Line:Relation:1057570,Route:Relation:1083264
Line:Relation:1057573,Route:Relation:1257184
Line:Relation:1057573,Route:Relation:1257178
Line:Relation:1057577,Route:Relation:1255730
Line:Relation:1057577,Route:Relation:1255724
Line:Relation:1066570,Route:Relation:1253994
Line:Relation:1066570,Route:Relation:1253996
Line:Relation:1066571,Route:Relation:1253899
Line:Relation:1066571,Route:Relation:1253890
Line:Relation:1066572,Route:Relation:1254454
Line:Relation:1066572,Route:Relation:1254459
Line:Relation:1066573,Route:Relation:1257176
Line:Relation:1066573,Route:Relation:1257181
Line:Relation:1066842,Route:Relation:1066841
Line:Relation:1066842,Route:Relation:1066893
Line:Relation:1083418,Route:Relation:1252610
Line:Relation:1083418,Route:Relation:1252609
Line:Relation:1083419,Route:Relation:1246684
Line:Relation:1083419,Route:Relation:1246683
Line:Relation:1083420,Route:Relation:1257177
Line:Relation:1083420,Route:Relation:1257171
Line:Relation:1083421,Route:Relation:1252613
Line:Relation:1083421,Route:Relation:1252614
Line:Relation:1083422,Route:Relation:1250984
Line:Relation:1083422,Route:Relation:1250985
Line:Relation:1083423,Route:Relation:1254458
Line:Relation:1083423,Route:Relation:1254449
Line:Relation:1083424,Route:Relation:1255726
Line:Relation:1083424,Route:Relation:1255722
Line:Relation:1083425,Route:Relation:1254451
Line:Relation:1083425,Route:Relation:1254455
Line:Relation:1083426,Route:Relation:1254450
Line:Relation:1083426,Route:Relation:1254453
Line:Relation:1083427,Route:Relation:1252549
Line:Relation:1083427,Route:Relation:1252551
Line:Relation:1083428,Route:Relation:1250938
Line:Relation:1083428,Route:Relation:1250939
Line:Relation:1083429,Route:Relation:1246636
Line:Relation:1083429,Route:Relation:1246637
Line:Relation:1083430,Route:Relation:1253995
Line:Relation:1083430,Route:Relation:1254000
Line:Relation:1083431,Route:Relation:1252611
Line:Relation:1083431,Route:Relation:1252612
Line:Relation:1083432,Route:Relation:1257180
Line:Relation:1083432,Route:Relation:1257175
Line:Relation:1083433,Route:Relation:1254452
Line:Relation:1083433,Route:Relation:1254456
Line:Relation:1083434,Route:Relation:1246644
Line:Relation:1083434,Route:Relation:1246645
Line:Relation:1083435,Route:Relation:1257167
Line:Relation:1083435,Route:Relation:1257173
Line:Relation:1083436,Route:Relation:1245270
Line:Relation:1083436,Route:Relation:1245269
Line:Relation:1085979,Route:Relation:1246561
Line:Relation:1085979,Route:Relation:1246562
Line:Relation:1086444,Route:Relation:2605601
Line:Relation:1086444,Route:Relation:2605638
Line:Relation:1086445,Route:Relation:1253894
Line:Relation:1086445,Route:Relation:1253889
Line:Relation:1086590,Route:Relation:1251023
Line:Relation:1086590,Route:Relation:1251022
Line:Relation:1102964,Route:Relation:1086940
Line:Relation:1102964,Route:Relation:1102957
Line:Relation:1104709,Route:Relation:1104689
Line:Relation:1104709,Route:Relation:1104708
Line:Relation:1240537,Route:Relation:3045272
Line:Relation:1240537,Route:Relation:3045489
Line:Relation:1245875,Route:Relation:1245873
Line:Relation:1245875,Route:Relation:1245874
Line:Relation:1246520,Route:Relation:1246518
Line:Relation:1246520,Route:Relation:1246519
Line:Relation:1251039,Route:Relation:1253893
Line:Relation:1251039,Route:Relation:1253898
Line:Relation:1254002,Route:Relation:1253998
Line:Relation:1254002,Route:Relation:1254001
Line:Relation:1254003,Route:Relation:1253993
Line:Relation:1254003,Route:Relation:1253997
Line:Relation:1254461,Route:Relation:1254457
Line:Relation:1254461,Route:Relation:1254460
Line:Relation:1255732,Route:Relation:1255727
Line:Relation:1255732,Route:Relation:1255728
Line:Relation:1255733,Route:Relation:1255723
Line:Relation:1255733,Route:Relation:1255729
Line:Relation:1255734,Route:Relation:1255731
Line:Relation:1255734,Route:Relation:1255725
Line:Relation:1257122,Route:Relation:1257121
Line:Relation:1257122,Route:Relation:1257116
Line:Relation:1257123,Route:Relation:1257120
Line:Relation:1257123,Route:Relation:1257115
Line:Relation:1257124,Route:Relation:1257118
Line:Relation:1257124,Route:Relation:1257111
Line:Relation:1257125,Route:Relation:1257117
Line:Relation:1257125,Route:Relation:1257114
Line:Relation:1257186,Route:Relation:1257185
Line:Relation:1257186,Route:Relation:1257179
Line:Relation:1257187,Route:Relation:1257174
Line:Relation:1257187,Route:Relation:1257168
Line:Relation:1257188,Route:Relation:1257170
Line:Relation:1257188,Route:Relation:1257183
Line:Relation:1257210,Route:Relation:1257205
Line:Relation:1257210,Route:Relation:1257209
Line:Relation:1259087,Route:Relation:1259085
Line:Relation:1259087,Route:Relation:2504437
Line:Relation:1259529,Route:Relation:1259521
Line:Relation:1259529,Route:Relation:1259514
Line:Relation:1299563,Route:Relation:1308585
Line:Relation:1299563,Route:Relation:1111814
Line:Relation:1302117,Route:Relation:1302116
Line:Relation:1302117,Route:Relation:1302115
Line:Relation:1306437,Route:Relation:1306436
Line:Relation:1306437,Route:Relation:1306435
Line:Relation:1307393,Route:Relation:1307394
Line:Relation:1307393,Route:Relation:1307395
Line:Relation:1308545,Route:Relation:1299562
Line:Relation:1308545,Route:Relation:1308544
Line:Relation:1308546,Route:Relation:1308543
Line:Relation:1308546,Route:Relation:1308542
Line:Relation:1321223,Route:Relation:156276
Line:Relation:1321223,Route:Relation:2167054
Line:Relation:1321223,Route:Relation:2346625
Line:Relation:1321223,Route:Relation:2346626
Line:Relation:1464810,Route:Relation:1464808
Line:Relation:1464810,Route:Relation:1464809
Line:Relation:1520530,Route:Relation:1520443
Line:Relation:1520530,Route:Relation:1520505
Line:Relation:1520618,Route:Relation:1112237
Line:Relation:1520618,Route:Relation:950803
Line:Relation:1520619,Route:Relation:1111499
Line:Relation:1520619,Route:Relation:1111469
Line:Relation:1534903,Route:Relation:6953716
Line:Relation:1534903,Route:Relation:1534901
Line:Relation:1534904,Route:Relation:3314136
Line:Relation:1534904,Route:Relation:1534902
Line:Relation:1535263,Route:Relation:6949645
Line:Relation:1535263,Route:Relation:1535265
Line:Relation:1535268,Route:Relation:1535266
Line:Relation:1535268,Route:Relation:1535456
Line:Relation:1535269,Route:Relation:6949644
Line:Relation:1535269,Route:Relation:1535267
Line:Relation:1535270,Route:Relation:1535264
Line:Relation:1535270,Route:Relation:6355914
Line:Relation:1535458,Route:Relation:1535455
Line:Relation:1535460,Route:Relation:1086442
Line:Relation:1535460,Route:Relation:1535454
Line:Relation:1535461,Route:Relation:1086778
Line:Relation:1535461,Route:Relation:1535453
Line:Relation:1537048,Route:Relation:1086773
Line:Relation:1537048,Route:Relation:1537047
Line:Relation:1540147,Route:Relation:1540144
Line:Relation:1540147,Route:Relation:1539914
Line:Relation:1547965,Route:Relation:1057575
Line:Relation:1547965,Route:Relation:1559982
Line:Relation:1547966,Route:Relation:1057571
Line:Relation:1547966,Route:Relation:3979225
Line:Relation:1547967,Route:Relation:1057572
Line:Relation:1547967,Route:Relation:2516546
Line:Relation:1547969,Route:Relation:1057574
Line:Relation:1547969,Route:Relation:1547968
Line:Relation:1549912,Route:Relation:1621795
Line:Relation:1549912,Route:Relation:1549909
Line:Relation:1549913,Route:Relation:3341392
Line:Relation:1549913,Route:Relation:1549911
Line:Relation:1549913,Route:Relation:3341226
Line:Relation:1553162,Route:Relation:937387
Line:Relation:1553162,Route:Relation:1553161
Line:Relation:1553375,Route:Relation:1553374
Line:Relation:1553375,Route:Relation:1727588
Line:Relation:1553501,Route:Relation:1553500
Line:Relation:1553501,Route:Relation:1553499
Line:Relation:1555878,Route:Relation:1555960
Line:Relation:1555878,Route:Relation:1555877
Line:Relation:1555879,Route:Relation:1555875
Line:Relation:1555879,Route:Relation:2975777
Line:Relation:1555880,Route:Relation:7394300
Line:Relation:1555880,Route:Relation:1555876
Line:Relation:1555939,Route:Relation:254845
Line:Relation:1555939,Route:Relation:1555961
Line:Relation:1555940,Route:Relation:1555938
Line:Relation:1555940,Route:Relation:3235354
Line:Relation:1555941,Route:Relation:1555937
Line:Relation:1555941,Route:Relation:1555962
Line:Relation:1574080,Route:Relation:1574079
Line:Relation:1574080,Route:Relation:2250334
Line:Relation:1576587,Route:Relation:1576586
Line:Relation:1576587,Route:Relation:1627956
Line:Relation:1578451,Route:Relation:1111432
Line:Relation:1578451,Route:Relation:1111461
Line:Relation:1580970,Route:Relation:1580968
Line:Relation:1580970,Route:Relation:1580969
Line:Relation:1621799,Route:Relation:332720
Line:Relation:1621799,Route:Relation:1621797
Line:Relation:1635139,Route:Relation:1635138
Line:Relation:1635139,Route:Relation:151597
Line:Relation:1648058,Route:Relation:1648057
Line:Relation:1648952,Route:Relation:1648951
Line:Relation:1648952,Route:Relation:304522
Line:Relation:1650713,Route:Relation:1650711
Line:Relation:1650713,Route:Relation:1650712
Line:Relation:1658281,Route:Relation:6953618
Line:Relation:1658281,Route:Relation:6953619
Line:Relation:1667801,Route:Relation:1667800
Line:Relation:1667801,Route:Relation:1086443
Line:Relation:1673421,Route:Relation:1074049
Line:Relation:1673421,Route:Relation:1070831
Line:Relation:1673421,Route:Relation:1435767
Line:Relation:1673421,Route:Relation:1435765
Line:Relation:1673421,Route:Relation:454241
Line:Relation:1673421,Route:Relation:1435763
Line:Relation:1673421,Route:Relation:454238
Line:Relation:1673421,Route:Relation:1435769
Line:Relation:1673421,Route:Relation:454240
Line:Relation:1673421,Route:Relation:1435762
Line:Relation:1673421,Route:Relation:454239
Line:Relation:1673421,Route:Relation:1435764
Line:Relation:1673421,Route:Relation:1435766
Line:Relation:1673421,Route:Relation:1435768
Line:Relation:1687233,Route:Relation:7872067
Line:Relation:1687233,Route:Relation:7872068
Line:Relation:1687241,Route:Relation:1687234
Line:Relation:1687242,Route:Relation:6576530
Line:Relation:1687242,Route:Relation:1687235
Line:Relation:1687459,Route:Relation:1687431
Line:Relation:1687462,Route:Relation:1687432
Line:Relation:1709309,Route:Relation:968729
Line:Relation:1709309,Route:Relation:1771179
Line:Relation:1716268,Route:Relation:1716239
Line:Relation:1716268,Route:Relation:1716255
Line:Relation:1758295,Route:Relation:1758293
Line:Relation:1758295,Route:Relation:1758294
Line:Relation:1762129,Route:Relation:1762127
Line:Relation:1762129,Route:Relation:1762128
Line:Relation:1782907,Route:Relation:1782906
Line:Relation:1782907,Route:Relation:1782905
Line:Relation:1802059,Route:Relation:1802058
Line:Relation:1802059,Route:Relation:1802057
Line:Relation:1810272,Route:Relation:1810271
Line:Relation:1810272,Route:Relation:1810270
Line:Relation:1842753,Route:Relation:1842752
Line:Relation:1842753,Route:Relation:1842751
Line:Relation:1848416,Route:Relation:7895446
Line:Relation:1848416,Route:Relation:7895445
Line:Relation:1848416,Route:Relation:7821418
Line:Relation:1848416,Route:Relation:7821088
Line:Relation:1848416,Route:Relation:7821089
Line:Relation:1848416,Route:Relation:7801747
Line:Relation:1848416,Route:Relation:7820416
Line:Relation:1848416,Route:Relation:7820375
Line:Relation:1848416,Route:Relation:7820376
Line:Relation:1848416,Route:Relation:7819823
Line:Relation:1848416,Route:Relation:7805623
Line:Relation:1848416,Route:Relation:7805624
Line:Relation:1848416,Route:Relation:7805625
Line:Relation:1848416,Route:Relation:7426379
Line:Relation:1848416,Route:Relation:7404654
Line:Relation:1848416,Route:Relation:7297148
Line:Relation:1848416,Route:Relation:7297095
Line:Relation:1848416,Route:Relation:7297096
Line:Relation:1848416,Route:Relation:7297097
Line:Relation:1848416,Route:Relation:7292922
Line:Relation:1848416,Route:Relation:7292923
Line:Relation:1848416,Route:Relation:7292924
Line:Relation:1848416,Route:Relation:7292925
Line:Relation:1848416,Route:Relation:7255138
Line:Relation:1848416,Route:Relation:7255139
Line:Relation:1848416,Route:Relation:7254207
Line:Relation:1848416,Route:Relation:7254208
Line:Relation:1848416,Route:Relation:7253353
Line:Relation:1848416,Route:Relation:7253354
Line:Relation:1848416,Route:Relation:7235970
Line:Relation:1848416,Route:Relation:7233213
Line:Relation:1848416,Route:Relation:7166808
Line:Relation:1848416,Route:Relation:7166807
Line:Relation:1848416,Route:Relation:6250720
Line:Relation:1848416,Route:Relation:6258156
Line:Relation:1855679,Route:Relation:7413534
Line:Relation:1855679,Route:Relation:7206156
Line:Relation:1855679,Route:Relation:7204027
Line:Relation:1855679,Route:Relation:6254869
Line:Relation:1855679,Route:Relation:6253934
Line:Relation:1857145,Route:Relation:225660
Line:Relation:1857145,Route:Relation:1857103
Line:Relation:1866830,Route:Relation:1866829
Line:Relation:1866830,Route:Relation:6832826
Line:Relation:1866830,Route:Relation:7726020
Line:Relation:1866830,Route:Relation:7726023
Line:Relation:1869110,Route:Relation:7222907
Line:Relation:1869110,Route:Relation:7176552
Line:Relation:1869110,Route:Relation:7176553
Line:Relation:1908344,Route:Relation:6149052
Line:Relation:1908344,Route:Relation:5920986
Line:Relation:1908344,Route:Relation:6870792
Line:Relation:1908344,Route:Relation:6149053
Line:Relation:1942584,Route:Relation:1942583
Line:Relation:1942584,Route:Relation:1942582
Line:Relation:1973045,Route:Relation:1973047
Line:Relation:1973045,Route:Relation:4496999
Line:Relation:1981724,Route:Relation:1978034
Line:Relation:1981724,Route:Relation:4279503
Line:Relation:1987589,Route:Relation:7606123
Line:Relation:1987589,Route:Relation:1987578
Line:Relation:1991746,Route:Relation:1746521
Line:Relation:1991746,Route:Relation:1991745
Line:Relation:2171714,Route:Relation:2171711
Line:Relation:2171714,Route:Relation:2171710
Line:Relation:2171896,Route:Relation:1453980
Line:Relation:2171896,Route:Relation:1454043
Line:Relation:2196022,Route:Relation:2196020
Line:Relation:2198226,Route:Relation:2198224
Line:Relation:2198226,Route:Relation:2198272
Line:Relation:2203904,Route:Relation:2203900
Line:Relation:2203904,Route:Relation:2203906
Line:Relation:2206548,Route:Relation:2206545
Line:Relation:2206548,Route:Relation:2206524
Line:Relation:2206548,Route:Relation:7759385
Line:Relation:2206548,Route:Relation:7759386
Line:Relation:2206807,Route:Relation:2206806
Line:Relation:2206991,Route:Relation:2206989
Line:Relation:2206991,Route:Relation:2206990
Line:Relation:2207006,Route:Relation:2207002
Line:Relation:2207006,Route:Relation:2207001
Line:Relation:2207036,Route:Relation:254849
Line:Relation:2207036,Route:Relation:2207037
Line:Relation:2213976,Route:Relation:332719
Line:Relation:2213976,Route:Relation:2213975
Line:Relation:2214088,Route:Relation:2214086
Line:Relation:2214088,Route:Relation:2214106
Line:Relation:2214230,Route:Relation:2214161
Line:Relation:2214230,Route:Relation:2214212
Line:Relation:2217686,Route:Relation:2217679
Line:Relation:2217686,Route:Relation:2217678
Line:Relation:2224968,Route:Relation:2224966
Line:Relation:2224968,Route:Relation:2224967
Line:Relation:2227713,Route:Relation:2226537
Line:Relation:2227713,Route:Relation:2227784
Line:Relation:2227713,Route:Relation:7745722
Line:Relation:2227713,Route:Relation:7745723
Line:Relation:2261502,Route:Relation:2154741
Line:Relation:2261502,Route:Relation:2170491
Line:Relation:2261638,Route:Relation:2261637
Line:Relation:2261638,Route:Relation:1236060
Line:Relation:2333448,Route:Relation:2333442
Line:Relation:2333448,Route:Relation:2333443
Line:Relation:2333448,Route:Relation:2333447
Line:Relation:2333448,Route:Relation:2333444
Line:Relation:2333448,Route:Relation:3012957
Line:Relation:2333448,Route:Relation:2333436
Line:Relation:2333448,Route:Relation:2333438
Line:Relation:2333448,Route:Relation:2333439
Line:Relation:2333448,Route:Relation:3013042
Line:Relation:2333448,Route:Relation:2333437
Line:Relation:2333448,Route:Relation:2333440
Line:Relation:2333448,Route:Relation:2333441
Line:Relation:2333448,Route:Relation:2333445
Line:Relation:2333448,Route:Relation:2333446
Line:Relation:2337724,Route:Relation:2337723
Line:Relation:2337724,Route:Relation:2337722
Line:Relation:2343189,Route:Relation:2342636
Line:Relation:2343189,Route:Relation:2343188
Line:Relation:2343189,Route:Relation:7843717
Line:Relation:2343189,Route:Relation:7843691
Line:Relation:2389881,Route:Relation:2389916
Line:Relation:2389881,Route:Relation:2393305
Line:Relation:2389881,Route:Relation:2389880
Line:Relation:2389881,Route:Relation:2393304
Line:Relation:2389881,Route:Relation:1628987
Line:Relation:2389881,Route:Relation:2393303
Line:Relation:2389881,Route:Relation:2117115
Line:Relation:2389881,Route:Relation:2393302
Line:Relation:2390087,Route:Relation:2390086
Line:Relation:2390087,Route:Relation:2390547
Line:Relation:2390087,Route:Relation:2393297
Line:Relation:2390087,Route:Relation:2393298
Line:Relation:2390087,Route:Relation:2393300
Line:Relation:2415100,Route:Relation:2420132
Line:Relation:2415100,Route:Relation:2415099
Line:Relation:2440114,Route:Relation:2440111
Line:Relation:2440114,Route:Relation:2440110
Line:Relation:2445543,Route:Relation:2078076
Line:Relation:2445543,Route:Relation:3812487
Line:Relation:2445543,Route:Relation:6379086
Line:Relation:2445543,Route:Relation:6379087
Line:Relation:2454326,Route:Relation:2454325
Line:Relation:2506803,Route:Relation:2402602
Line:Relation:2506803,Route:Relation:2506802
Line:Relation:2531075,Route:Relation:2531074
Line:Relation:2531075,Route:Relation:2546159
Line:Relation:2531082,Route:Relation:2531081
Line:Relation:2531082,Route:Relation:2545707
Line:Relation:2531207,Route:Relation:2531204
Line:Relation:2531208,Route:Relation:2531205
Line:Relation:2531225,Route:Relation:2531221
Line:Relation:2531226,Route:Relation:2531206
Line:Relation:2532567,Route:Relation:2532566
Line:Relation:2532567,Route:Relation:5266641
Line:Relation:2532600,Route:Relation:2532598
Line:Relation:2532600,Route:Relation:2532599
Line:Relation:2554103,Route:Relation:2554093
Line:Relation:2564126,Route:Relation:7907582
Line:Relation:2564126,Route:Relation:7907583
Line:Relation:2572573,Route:Relation:151601
Line:Relation:2572573,Route:Relation:2572570
Line:Relation:2572573,Route:Relation:2572572
Line:Relation:2572573,Route:Relation:2572571
Line:Relation:2625885,Route:Relation:2625883
Line:Relation:2625885,Route:Relation:2625884
Line:Relation:2644951,Route:Relation:2644908
Line:Relation:2644951,Route:Relation:2644928
Line:Relation:2647711,Route:Relation:2647709
Line:Relation:2647711,Route:Relation:2647710
Line:Relation:2647712,Route:Relation:2647707
Line:Relation:2647712,Route:Relation:2647708
Line:Relation:2653031,Route:Relation:2653029
Line:Relation:2653031,Route:Relation:2653030
Line:Relation:2654565,Route:Relation:5969914
Line:Relation:2654565,Route:Relation:5969913
Line:Relation:2670163,Route:Relation:2537731
Line:Relation:2670163,Route:Relation:2670162
Line:Relation:2675337,Route:Relation:2616785
Line:Relation:2675337,Route:Relation:2675336
Line:Relation:2675337,Route:Relation:7713600
Line:Relation:2675337,Route:Relation:7713599
Line:Relation:2708919,Route:Relation:2708918
Line:Relation:2708919,Route:Relation:2624833
Line:Relation:2853923,Route:Relation:938118
Line:Relation:2853923,Route:Relation:1111806
Line:Relation:2962341,Route:Relation:2930281
Line:Relation:2962341,Route:Relation:2962340
Line:Relation:2965780,Route:Relation:2965779
Line:Relation:2965780,Route:Relation:2965877
Line:Relation:2972887,Route:Relation:2497592
Line:Relation:2972887,Route:Relation:2972825
Line:Relation:2972968,Route:Relation:2972957
Line:Relation:2972968,Route:Relation:2087225
Line:Relation:2981756,Route:Relation:2981754
Line:Relation:2981756,Route:Relation:2981755
Line:Relation:2989343,Route:Relation:954984
Line:Relation:2989343,Route:Relation:2989341
Line:Relation:3008945,Route:Relation:3008944
Line:Relation:3008945,Route:Relation:306279
Line:Relation:3030615,Route:Relation:3030611
Line:Relation:3030615,Route:Relation:3030640
Line:Relation:3030615,Route:Relation:3031954
Line:Relation:3045662,Route:Relation:5969741
Line:Relation:3045662,Route:Relation:5969742
Line:Relation:3047801,Route:Relation:1621796
Line:Relation:3047801,Route:Relation:1621794
Line:Relation:3048889,Route:Relation:3048886
Line:Relation:3048889,Route:Relation:3048898
Line:Relation:3079254,Route:Relation:7713471
Line:Relation:3079254,Route:Relation:3739950
Line:Relation:3081886,Route:Relation:3080733
Line:Relation:3081886,Route:Relation:3081885
Line:Relation:3134153,Route:Relation:3133522
Line:Relation:3134153,Route:Relation:3134154
Line:Relation:3148500,Route:Relation:7060412
Line:Relation:3148500,Route:Relation:7056825
Line:Relation:3186411,Route:Relation:3144177
Line:Relation:3186411,Route:Relation:3183142
Line:Relation:3253655,Route:Relation:6942025
Line:Relation:3253655,Route:Relation:6949275
Line:Relation:3253655,Route:Relation:1104194
Line:Relation:3253656,Route:Relation:107357
Line:Relation:3253656,Route:Relation:3253653
Line:Relation:3253657,Route:Relation:3253652
Line:Relation:3253657,Route:Relation:1104195
Line:Relation:3253657,Route:Relation:3253903
Line:Relation:3253657,Route:Relation:3253671
Line:Relation:3253980,Route:Relation:7508471
Line:Relation:3253980,Route:Relation:1104193
Line:Relation:3256022,Route:Relation:7758127
Line:Relation:3256022,Route:Relation:3256021
Line:Relation:3256314,Route:Relation:2531064
Line:Relation:3256314,Route:Relation:3256311
Line:Relation:3256316,Route:Relation:3256312
Line:Relation:3256316,Route:Relation:7757363
Line:Relation:3256316,Route:Relation:7757304
Line:Relation:3256316,Route:Relation:7757850
Line:Relation:3256316,Route:Relation:7757858
Line:Relation:3256316,Route:Relation:7757912
Line:Relation:3264340,Route:Relation:270176
Line:Relation:3264340,Route:Relation:1086425
Line:Relation:3264340,Route:Relation:2418217
Line:Relation:3264340,Route:Relation:6582800
Line:Relation:3264340,Route:Relation:1086413
Line:Relation:3264340,Route:Relation:1086451
Line:Relation:3264340,Route:Relation:1086452
Line:Relation:3281400,Route:Relation:6365686
Line:Relation:3281400,Route:Relation:6365150
Line:Relation:3281400,Route:Relation:6363999
Line:Relation:3281400,Route:Relation:6364727
Line:Relation:3281400,Route:Relation:6363326
Line:Relation:3281400,Route:Relation:6363004
Line:Relation:3286442,Route:Relation:3285485
Line:Relation:3286442,Route:Relation:3282297
Line:Relation:3307569,Route:Relation:2166257
Line:Relation:3307569,Route:Relation:2247729
Line:Relation:3315927,Route:Relation:3315931
Line:Relation:3315927,Route:Relation:3315207
Line:Relation:3315942,Route:Relation:4024788
Line:Relation:3315942,Route:Relation:4024891
Line:Relation:3315942,Route:Relation:4027514
Line:Relation:3315942,Route:Relation:4027569
Line:Relation:3315943,Route:Relation:3488850
Line:Relation:3315943,Route:Relation:3315940
Line:Relation:3318735,Route:Relation:3318689
Line:Relation:3318735,Route:Relation:3318690
Line:Relation:3325971,Route:Relation:3325864
Line:Relation:3325971,Route:Relation:3325723
Line:Relation:3326845,Route:Relation:123767
Line:Relation:3326845,Route:Relation:3326844
Line:Relation:3328694,Route:Relation:123737
Line:Relation:3328694,Route:Relation:3328693
Line:Relation:3328695,Route:Relation:123784
Line:Relation:3328695,Route:Relation:3328692
Line:Relation:3328717,Route:Relation:123782
Line:Relation:3328717,Route:Relation:3328716
Line:Relation:3328741,Route:Relation:123768
Line:Relation:3328741,Route:Relation:3328740
Line:Relation:3328765,Route:Relation:123912
Line:Relation:3328765,Route:Relation:3328764
Line:Relation:3328805,Route:Relation:3328812
Line:Relation:3328805,Route:Relation:3328811
Line:Relation:3328805,Route:Relation:123652
Line:Relation:3328805,Route:Relation:3328804
Line:Relation:3334641,Route:Relation:371130
Line:Relation:3334641,Route:Relation:3334636
Line:Relation:3334641,Route:Relation:7628293
Line:Relation:3334641,Route:Relation:7628292
Line:Relation:3336398,Route:Relation:3336392
Line:Relation:3336398,Route:Relation:3723842
Line:Relation:3347005,Route:Relation:7413596
Line:Relation:3347005,Route:Relation:7413597
Line:Relation:3347023,Route:Relation:3321195
Line:Relation:3347023,Route:Relation:3321188
Line:Relation:3349465,Route:Relation:3349178
Line:Relation:3389342,Route:Relation:1833253
Line:Relation:3389342,Route:Relation:1833289
Line:Relation:3389342,Route:Relation:1415394
Line:Relation:3399270,Route:Relation:3399261
Line:Relation:3399270,Route:Relation:3399289
Line:Relation:3490811,Route:Relation:3490807
Line:Relation:3490811,Route:Relation:3490786
Line:Relation:3546204,Route:Relation:3546200
Line:Relation:3546204,Route:Relation:3546199
Line:Relation:3567517,Route:Relation:3567420
Line:Relation:3567517,Route:Relation:3567421
Line:Relation:3638709,Route:Relation:3638707
Line:Relation:3638709,Route:Relation:3638708
Line:Relation:3662457,Route:Relation:2534992
Line:Relation:3662457,Route:Relation:3517961
Line:Relation:3686355,Route:Relation:3328096
Line:Relation:3686355,Route:Relation:3328097
Line:Relation:3686355,Route:Relation:7735775
Line:Relation:3695203,Route:Relation:3695202
Line:Relation:3695203,Route:Relation:3695201
Line:Relation:3713597,Route:Relation:3715291
Line:Relation:3713597,Route:Relation:3713595
Line:Relation:3800421,Route:Relation:7917724
Line:Relation:3847273,Route:Relation:3843308
Line:Relation:3847273,Route:Relation:3843309
Line:Relation:3906360,Route:Relation:2650664
Line:Relation:3906360,Route:Relation:3906085
Line:Relation:3906369,Route:Relation:2617597
Line:Relation:3906369,Route:Relation:3904082
Line:Relation:3908505,Route:Relation:3907885
Line:Relation:3908505,Route:Relation:2545569
Line:Relation:3997212,Route:Relation:3997210
Line:Relation:3997212,Route:Relation:3997211
Line:Relation:4007734,Route:Relation:4007767
Line:Relation:4007734,Route:Relation:4007766
Line:Relation:4007734,Route:Relation:4007732
Line:Relation:4007734,Route:Relation:4007733
Line:Relation:4021770,Route:Relation:4021769
Line:Relation:4030054,Route:Relation:4030053
Line:Relation:4030054,Route:Relation:4030052
Line:Relation:4099253,Route:Relation:7919434
Line:Relation:4099253,Route:Relation:7919435
Line:Relation:4226214,Route:Relation:4208032
Line:Relation:4226214,Route:Relation:4226211
Line:Relation:4289192,Route:Relation:4075274
Line:Relation:4289192,Route:Relation:4073500
Line:Relation:4289192,Route:Relation:7842408
Line:Relation:4289192,Route:Relation:7842409
Line:Relation:4594987,Route:Relation:938118
Line:Relation:4594987,Route:Relation:1111806
Line:Relation:4610190,Route:Relation:127724
Line:Relation:4610190,Route:Relation:4610188
Line:Relation:4635341,Route:Relation:7968520
Line:Relation:4635341,Route:Relation:7968521
Line:Relation:4635341,Route:Relation:7968519
Line:Relation:4772628,Route:Relation:5927062
Line:Relation:4772628,Route:Relation:5927061
Line:Relation:4779679,Route:Relation:5912851
Line:Relation:4779679,Route:Relation:5912850
Line:Relation:4799452,Route:Relation:5947245
Line:Relation:4799452,Route:Relation:5947246
Line:Relation:5189990,Route:Relation:1323496
Line:Relation:5189990,Route:Relation:5189988
Line:Relation:5226660,Route:Relation:952809
Line:Relation:5226660,Route:Relation:5226659
Line:Relation:5226660,Route:Relation:7768192
Line:Relation:5226660,Route:Relation:7768193
Line:Relation:5256555,Route:Relation:5291897
Line:Relation:5256555,Route:Relation:5256554
Line:Relation:5312582,Route:Relation:5263486
Line:Relation:5312582,Route:Relation:5263485
Line:Relation:5415945,Route:Relation:1904088
Line:Relation:5415945,Route:Relation:5415924
Line:Relation:5426315,Route:Relation:5426314
Line:Relation:5426450,Route:Relation:163664
Line:Relation:5426450,Route:Relation:5426449
Line:Relation:5471765,Route:Relation:5471764
Line:Relation:5471765,Route:Relation:7449582
Line:Relation:5540004,Route:Relation:5540003
Line:Relation:5540004,Route:Relation:5540006
Line:Relation:5557347,Route:Relation:5557346
Line:Relation:5557347,Route:Relation:126953
Line:Relation:5569622,Route:Relation:5569621
Line:Relation:5569622,Route:Relation:2654566
Line:Relation:5569622,Route:Relation:7790812
Line:Relation:5569622,Route:Relation:7790813
Line:Relation:5569622,Route:Relation:7791088
Line:Relation:5569622,Route:Relation:7791089
Line:Relation:5594143,Route:Relation:5594142
Line:Relation:5594143,Route:Relation:387827
Line:Relation:5662181,Route:Relation:5646393
Line:Relation:5673870,Route:Relation:5673868
Line:Relation:5673870,Route:Relation:5673869
Line:Relation:5673870,Route:Relation:5679073
Line:Relation:5673870,Route:Relation:5679072
Line:Relation:5694051,Route:Relation:5694050
Line:Relation:5694051,Route:Relation:5694049
Line:Relation:5694438,Route:Relation:5694436
Line:Relation:5694438,Route:Relation:5694437
Line:Relation:5717042,Route:Relation:5983259
Line:Relation:5717042,Route:Relation:5983258
Line:Relation:5728903,Route:Relation:5728902
Line:Relation:5728903,Route:Relation:3524797
Line:Relation:5739372,Route:Relation:3694833
Line:Relation:5739372,Route:Relation:5739371
Line:Relation:5752558,Route:Relation:5752557
Line:Relation:5752558,Route:Relation:1528610
Line:Relation:5754922,Route:Relation:5754921
Line:Relation:5754922,Route:Relation:3904503
Line:Relation:5757909,Route:Relation:3061018
Line:Relation:5757909,Route:Relation:5757902
Line:Relation:5763997,Route:Relation:4074276
Line:Relation:5763997,Route:Relation:4074277
Line:Relation:5830159,Route:Relation:1086775
Line:Relation:5830159,Route:Relation:5830158
Line:Relation:5847185,Route:Relation:2809468
Line:Relation:5847185,Route:Relation:5847184
Line:Relation:5847217,Route:Relation:5847216
Line:Relation:5847217,Route:Relation:3487568
Line:Relation:5852751,Route:Relation:5450944
Line:Relation:5852751,Route:Relation:5450945
Line:Relation:5852775,Route:Relation:2675506
Line:Relation:5852775,Route:Relation:2369841
Line:Relation:5865410,Route:Relation:2005096
Line:Relation:5865410,Route:Relation:5145560
Line:Relation:5865473,Route:Relation:5141231
Line:Relation:5865473,Route:Relation:5141232
Line:Relation:5873533,Route:Relation:5873297
Line:Relation:5873533,Route:Relation:5873298
Line:Relation:5890965,Route:Relation:5890652
Line:Relation:5890965,Route:Relation:5886541
Line:Relation:5899903,Route:Relation:4649909
Line:Relation:5899903,Route:Relation:4649910
Line:Relation:5899969,Route:Relation:5899968
Line:Relation:5899969,Route:Relation:968781
Line:Relation:5900554,Route:Relation:4649796
Line:Relation:5900554,Route:Relation:4649797
Line:Relation:5930785,Route:Relation:4128034
Line:Relation:5930785,Route:Relation:3638685
Line:Relation:5931043,Route:Relation:4122856
Line:Relation:5931043,Route:Relation:5931042
Line:Relation:5931083,Route:Relation:4122995
Line:Relation:5931083,Route:Relation:5931082
Line:Relation:5931478,Route:Relation:4122993
Line:Relation:5931478,Route:Relation:5931477
Line:Relation:5931514,Route:Relation:4122994
Line:Relation:5931514,Route:Relation:5931513
Line:Relation:5931547,Route:Relation:1811449
Line:Relation:5931547,Route:Relation:5931546
Line:Relation:5936749,Route:Relation:6375972
Line:Relation:5936749,Route:Relation:6369110
Line:Relation:5936749,Route:Relation:6376192
Line:Relation:5936749,Route:Relation:6370359
Line:Relation:5950575,Route:Relation:6124730
Line:Relation:5950575,Route:Relation:6124731
Line:Relation:5951793,Route:Relation:2905837
Line:Relation:5951793,Route:Relation:2905905
Line:Relation:5951794,Route:Relation:2905896
Line:Relation:5951794,Route:Relation:2905798
Line:Relation:5953338,Route:Relation:4663476
Line:Relation:5953338,Route:Relation:4663477
Line:Relation:5953399,Route:Relation:4860754
Line:Relation:5953399,Route:Relation:4860755
Line:Relation:5954679,Route:Relation:5267337
Line:Relation:5954679,Route:Relation:3011203
Line:Relation:5954722,Route:Relation:5298096
Line:Relation:5954722,Route:Relation:5298097
Line:Relation:5954723,Route:Relation:2424330
Line:Relation:5954723,Route:Relation:4078264
Line:Relation:5954724,Route:Relation:5263971
Line:Relation:5954724,Route:Relation:5263972
Line:Relation:5955532,Route:Relation:5955531
Line:Relation:5955532,Route:Relation:332424
Line:Relation:5963159,Route:Relation:2440383
Line:Relation:5963159,Route:Relation:331381
Line:Relation:5964015,Route:Relation:5147660
Line:Relation:5964015,Route:Relation:5147661
Line:Relation:5969925,Route:Relation:5227961
Line:Relation:5969925,Route:Relation:5227962
Line:Relation:5969926,Route:Relation:5234494
Line:Relation:5969926,Route:Relation:5234493
Line:Relation:5973841,Route:Relation:4082158
Line:Relation:5973841,Route:Relation:5973840
Line:Relation:5973902,Route:Relation:5973901
Line:Relation:5973902,Route:Relation:4032303
Line:Relation:5974113,Route:Relation:5974112
Line:Relation:5974113,Route:Relation:3804731
Line:Relation:5974188,Route:Relation:5974187
Line:Relation:5974188,Route:Relation:3891339
Line:Relation:5976798,Route:Relation:3474934
Line:Relation:5976798,Route:Relation:5976797
Line:Relation:5989074,Route:Relation:5989073
Line:Relation:5989074,Route:Relation:5714533
Line:Relation:5989121,Route:Relation:271451
Line:Relation:5989121,Route:Relation:5989120
Line:Relation:5998406,Route:Relation:251803
Line:Relation:5998406,Route:Relation:5998405
Line:Relation:5998406,Route:Relation:7824088
Line:Relation:5998406,Route:Relation:7824069
Line:Relation:6001282,Route:Relation:6001281
Line:Relation:6001282,Route:Relation:416220
Line:Relation:6006672,Route:Relation:7509074
Line:Relation:6006672,Route:Relation:955019
Line:Relation:6010903,Route:Relation:253230
Line:Relation:6010903,Route:Relation:6010902
Line:Relation:6010903,Route:Relation:7824631
Line:Relation:6010903,Route:Relation:7824630
Line:Relation:6010927,Route:Relation:2654567
Line:Relation:6010927,Route:Relation:6010926
Line:Relation:6010966,Route:Relation:4650972
Line:Relation:6010966,Route:Relation:4650973
Line:Relation:6040778,Route:Relation:6040777
Line:Relation:6040778,Route:Relation:2867750
Line:Relation:6048347,Route:Relation:2497591
Line:Relation:6048347,Route:Relation:6048346
Line:Relation:6049045,Route:Relation:6049044
Line:Relation:6049045,Route:Relation:149679
Line:Relation:6099640,Route:Relation:3350686
Line:Relation:6099640,Route:Relation:6099639
Line:Relation:6101989,Route:Relation:5470995
Line:Relation:6101989,Route:Relation:6101988
Line:Relation:6116962,Route:Relation:2545213
Line:Relation:6116962,Route:Relation:6116961
Line:Relation:6116990,Route:Relation:2659171
Line:Relation:6116990,Route:Relation:6116989
Line:Relation:6117019,Route:Relation:3937174
Line:Relation:6117019,Route:Relation:6117018
Line:Relation:6120285,Route:Relation:3955545
Line:Relation:6120285,Route:Relation:6120284
Line:Relation:6130402,Route:Relation:6130401
Line:Relation:6130402,Route:Relation:3936863
Line:Relation:6130402,Route:Relation:7783413
Line:Relation:6130402,Route:Relation:7783434
Line:Relation:6138428,Route:Relation:6138427
Line:Relation:6138428,Route:Relation:3936704
Line:Relation:6138428,Route:Relation:7710625
Line:Relation:6138428,Route:Relation:7710776
Line:Relation:6144402,Route:Relation:3937529
Line:Relation:6144402,Route:Relation:6144401
Line:Relation:6145087,Route:Relation:6145086
Line:Relation:6145087,Route:Relation:3937116
Line:Relation:6145135,Route:Relation:3948425
Line:Relation:6145135,Route:Relation:6145134
Line:Relation:6147733,Route:Relation:3957778
Line:Relation:6147733,Route:Relation:6147732
Line:Relation:6147762,Route:Relation:3950998
Line:Relation:6147762,Route:Relation:6147761
Line:Relation:6147928,Route:Relation:6147927
Line:Relation:6147928,Route:Relation:2659188
Line:Relation:6156507,Route:Relation:2856847
Line:Relation:6156507,Route:Relation:3458922
Line:Relation:6158847,Route:Relation:6158846
Line:Relation:6158847,Route:Relation:387824
Line:Relation:6161018,Route:Relation:6161041
Line:Relation:6161018,Route:Relation:411434
Line:Relation:6163294,Route:Relation:6163293
Line:Relation:6163294,Route:Relation:387825
Line:Relation:6163356,Route:Relation:5355973
Line:Relation:6163356,Route:Relation:5355958
Line:Relation:6166349,Route:Relation:6166348
Line:Relation:6166349,Route:Relation:5948670
Line:Relation:6166350,Route:Relation:331730
Line:Relation:6166350,Route:Relation:6166346
Line:Relation:6166722,Route:Relation:6166720
Line:Relation:6166722,Route:Relation:3287508
Line:Relation:6290750,Route:Relation:7878021
Line:Relation:6290750,Route:Relation:7878022
Line:Relation:6355936,Route:Relation:6355934
Line:Relation:6355936,Route:Relation:6355935
Line:Relation:6426542,Route:Relation:7423585
Line:Relation:6434505,Route:Relation:6434463
Line:Relation:6434505,Route:Relation:1709734
Line:Relation:6520401,Route:Relation:4169016
Line:Relation:6520401,Route:Relation:6520400
Line:Relation:6552159,Route:Relation:6547165
Line:Relation:6552159,Route:Relation:6547148
Line:Relation:6594969,Route:Relation:2583330
Line:Relation:6594969,Route:Relation:6594978
Line:Relation:6608978,Route:Relation:7771786
Line:Relation:6608978,Route:Relation:226265
Line:Relation:6645022,Route:Relation:5265192
Line:Relation:6645022,Route:Relation:5265193
Line:Relation:6660662,Route:Relation:3006256
Line:Relation:6660662,Route:Relation:3006277
Line:Relation:6682682,Route:Relation:6682681
Line:Relation:6682682,Route:Relation:6682680
Line:Relation:6682682,Route:Relation:6408289
Line:Relation:6706981,Route:Relation:6707151
Line:Relation:6706981,Route:Relation:4067180
Line:Relation:6741325,Route:Relation:6741324
Line:Relation:6741325,Route:Relation:3905787
Line:Relation:6741346,Route:Relation:6741345
Line:Relation:6741346,Route:Relation:3187845
Line:Relation:6741397,Route:Relation:3903748
Line:Relation:6741397,Route:Relation:6741396
Line:Relation:6741557,Route:Relation:3905811
Line:Relation:6741557,Route:Relation:6741556
Line:Relation:6744021,Route:Relation:3903605
Line:Relation:6744031,Route:Relation:3903650
Line:Relation:6744094,Route:Relation:6744093
Line:Relation:6744094,Route:Relation:3902919
Line:Relation:6744103,Route:Relation:7322179
Line:Relation:6744194,Route:Relation:6744193
Line:Relation:6744194,Route:Relation:4099272
Line:Relation:6744247,Route:Relation:3755098
Line:Relation:6744247,Route:Relation:6744246
Line:Relation:6744258,Route:Relation:6744257
Line:Relation:6744258,Route:Relation:3765073
Line:Relation:6744271,Route:Relation:6744270
Line:Relation:6751698,Route:Relation:3758829
Line:Relation:6751698,Route:Relation:6751697
Line:Relation:6751736,Route:Relation:6751735
Line:Relation:6751736,Route:Relation:3761052
Line:Relation:6751789,Route:Relation:6751788
Line:Relation:6751789,Route:Relation:3762818
Line:Relation:6751813,Route:Relation:3763653
Line:Relation:6762268,Route:Relation:6762267
Line:Relation:6762268,Route:Relation:1345684
Line:Relation:6785275,Route:Relation:6785274
Line:Relation:6785275,Route:Relation:6785289
Line:Relation:6785331,Route:Relation:5638401
Line:Relation:6785331,Route:Relation:6785330
Line:Relation:6785380,Route:Relation:6785379
Line:Relation:6785380,Route:Relation:5594048
Line:Relation:6785512,Route:Relation:6785521
Line:Relation:6785512,Route:Relation:4286217
Line:Relation:6785602,Route:Relation:6530054
Line:Relation:6785602,Route:Relation:6785600
Line:Relation:6786094,Route:Relation:6786089
Line:Relation:6786094,Route:Relation:6786088
Line:Relation:6786094,Route:Relation:6786087
Line:Relation:6786094,Route:Relation:6786086
Line:Relation:6786094,Route:Relation:6786085
Line:Relation:6786094,Route:Relation:6786084
Line:Relation:6786094,Route:Relation:6786092
Line:Relation:6786094,Route:Relation:6786091
Line:Relation:6786094,Route:Relation:5935098
Line:Relation:6786094,Route:Relation:6786083
Line:Relation:6789691,Route:Relation:1083315
Line:Relation:6789691,Route:Relation:2504515
Line:Relation:6795568,Route:Relation:2572572
Line:Relation:6795568,Route:Relation:2572571
Line:Relation:6795568,Route:Relation:151601
Line:Relation:6795568,Route:Relation:2572570
Line:Relation:6795574,Route:Relation:1581559
Line:Relation:6795574,Route:Relation:1581623
Line:Relation:6795575,Route:Relation:1581558
Line:Relation:6795575,Route:Relation:1581557
Line:Relation:6827371,Route:Relation:6827370
Line:Relation:6827371,Route:Relation:952689
Line:Relation:6835726,Route:Relation:6835725
Line:Relation:6835726,Route:Relation:952668
Line:Relation:6839230,Route:Relation:6631340
Line:Relation:6839230,Route:Relation:6631327
Line:Relation:6839258,Route:Relation:6633156
Line:Relation:6839305,Route:Relation:6839303
Line:Relation:6839305,Route:Relation:6839304
Line:Relation:6839321,Route:Relation:6625330
Line:Relation:6839342,Route:Relation:6625331
Line:Relation:6839430,Route:Relation:6633166
Line:Relation:6839434,Route:Relation:6633175
Line:Relation:6839477,Route:Relation:6839476
Line:Relation:6839504,Route:Relation:6839503
Line:Relation:6851661,Route:Relation:6040408
Line:Relation:6851661,Route:Relation:6851660
Line:Relation:6860109,Route:Relation:4043384
Line:Relation:6860181,Route:Relation:4043346
Line:Relation:6860181,Route:Relation:6860180
Line:Relation:6860541,Route:Relation:4635340
Line:Relation:6860541,Route:Relation:7804634
Line:Relation:6860557,Route:Relation:6860591
Line:Relation:6860557,Route:Relation:371129
Line:Relation:6860704,Route:Relation:6860733
Line:Relation:6860704,Route:Relation:118448
Line:Relation:6867541,Route:Relation:6867540
Line:Relation:6867541,Route:Relation:3518589
Line:Relation:6867574,Route:Relation:6867573
Line:Relation:6867574,Route:Relation:3524798
Line:Relation:6880011,Route:Relation:6880000
Line:Relation:6880011,Route:Relation:6880003
Line:Relation:6880011,Route:Relation:6879710
Line:Relation:6880011,Route:Relation:7342159
Line:Relation:6880695,Route:Relation:6880644
Line:Relation:6880695,Route:Relation:6880066
Line:Relation:6880695,Route:Relation:2875653
Line:Relation:6881771,Route:Relation:6881751
Line:Relation:6881771,Route:Relation:6880733
Line:Relation:6881771,Route:Relation:6881787
Line:Relation:6881771,Route:Relation:6881790
Line:Relation:6881771,Route:Relation:6881829
Line:Relation:6881771,Route:Relation:6881847
Line:Relation:6881771,Route:Relation:6882110
Line:Relation:6881771,Route:Relation:6883294
Line:Relation:6883259,Route:Relation:6883258
Line:Relation:6883259,Route:Relation:4573093
Line:Relation:6883314,Route:Relation:6883396
Line:Relation:6883314,Route:Relation:115222
Line:Relation:6883352,Route:Relation:122930
Line:Relation:6883353,Route:Relation:115230
Line:Relation:6885970,Route:Relation:6885987
Line:Relation:6885970,Route:Relation:107358
Line:Relation:6886051,Route:Relation:2560083
Line:Relation:6886090,Route:Relation:5501250
Line:Relation:6886101,Route:Relation:5478136
Line:Relation:6886101,Route:Relation:5480034
Line:Relation:6886129,Route:Relation:6886136
Line:Relation:6886129,Route:Relation:2372425
Line:Relation:6904183,Route:Relation:6901056
Line:Relation:6904183,Route:Relation:6900908
Line:Relation:6904183,Route:Relation:6898362
Line:Relation:6904183,Route:Relation:6900671
Line:Relation:6904183,Route:Relation:6907066
Line:Relation:6904183,Route:Relation:6907191
Line:Relation:6904183,Route:Relation:6907318
Line:Relation:6904183,Route:Relation:6949496
Line:Relation:6907402,Route:Relation:6907401
Line:Relation:6907402,Route:Relation:151598
Line:Relation:6910344,Route:Relation:6910343
Line:Relation:6910344,Route:Relation:152667
Line:Relation:6910410,Route:Relation:2625092
Line:Relation:6910410,Route:Relation:3951206
Line:Relation:6910437,Route:Relation:5136037
Line:Relation:6910465,Route:Relation:6910464
Line:Relation:6910465,Route:Relation:3327947
Line:Relation:6915922,Route:Relation:2498055
Line:Relation:6915922,Route:Relation:6915921
Line:Relation:6928902,Route:Relation:274173
Line:Relation:6928933,Route:Relation:6928932
Line:Relation:6928933,Route:Relation:3324677
Line:Relation:6928970,Route:Relation:224208
Line:Relation:6928970,Route:Relation:6928969
Line:Relation:6929043,Route:Relation:6929129
Line:Relation:6929043,Route:Relation:279336
Line:Relation:6929582,Route:Relation:937382
Line:Relation:6929582,Route:Relation:6929581
Line:Relation:6929704,Route:Relation:2085721
Line:Relation:6929704,Route:Relation:4645677
Line:Relation:6940386,Route:Relation:1760450
Line:Relation:6940387,Route:Relation:2846729
Line:Relation:6940387,Route:Relation:1760444
Line:Relation:6940421,Route:Relation:7105258
Line:Relation:6940421,Route:Relation:1695774
Line:Relation:6940422,Route:Relation:7840287
Line:Relation:6940422,Route:Relation:1695773
Line:Relation:6940422,Route:Relation:7841896
Line:Relation:6940422,Route:Relation:7841905
Line:Relation:6949602,Route:Relation:6949601
Line:Relation:6949604,Route:Relation:6949603
Line:Relation:6949654,Route:Relation:6949646
Line:Relation:6949654,Route:Relation:6949643
Line:Relation:6950503,Route:Relation:6950499
Line:Relation:6950503,Route:Relation:6950501
Line:Relation:6950504,Route:Relation:6950500
Line:Relation:6950504,Route:Relation:6950502
Line:Relation:6952110,Route:Relation:6952109
Line:Relation:6952110,Route:Relation:6950763
Line:Relation:6953405,Route:Relation:6953262
Line:Relation:6953405,Route:Relation:6953404
Line:Relation:6953405,Route:Relation:6953433
Line:Relation:6953807,Route:Relation:6594848
Line:Relation:6953807,Route:Relation:6953806
Line:Relation:6954049,Route:Relation:6953659
Line:Relation:6954049,Route:Relation:7069192
Line:Relation:6954593,Route:Relation:180765
Line:Relation:6954593,Route:Relation:4289376
Line:Relation:6955407,Route:Relation:6955406
Line:Relation:6955407,Route:Relation:6955405
Line:Relation:6955494,Route:Relation:6955492
Line:Relation:6955494,Route:Relation:6955493
Line:Relation:6955549,Route:Relation:6955548
Line:Relation:6955549,Route:Relation:1057576
Line:Relation:6955630,Route:Relation:6955628
Line:Relation:6955630,Route:Relation:6955629
Line:Relation:6955761,Route:Relation:1057568
Line:Relation:6955761,Route:Relation:6955760
Line:Relation:6955813,Route:Relation:1534901
Line:Relation:6955813,Route:Relation:6953716
Line:Relation:6956211,Route:Relation:5974264
Line:Relation:6956211,Route:Relation:6956210
Line:Relation:6956361,Route:Relation:5976839
Line:Relation:6956361,Route:Relation:6956360
Line:Relation:6956562,Route:Relation:6956561
Line:Relation:6956562,Route:Relation:1083316
Line:Relation:6956787,Route:Relation:6956786
Line:Relation:6956787,Route:Relation:1535457
Line:Relation:6956807,Route:Relation:1535455
Line:Relation:6956807,Route:Relation:6956806
Line:Relation:6956998,Route:Relation:6956996
Line:Relation:6956998,Route:Relation:6956997
Line:Relation:6957009,Route:Relation:6957006
Line:Relation:6957009,Route:Relation:6957007
Line:Relation:6957037,Route:Relation:6957036
Line:Relation:6957037,Route:Relation:1086772
Line:Relation:6957057,Route:Relation:6957056
Line:Relation:6957057,Route:Relation:1086774
Line:Relation:6957244,Route:Relation:7331861
Line:Relation:6957244,Route:Relation:2546760
Line:Relation:6957245,Route:Relation:6957243
Line:Relation:6957245,Route:Relation:7717540
Line:Relation:6957245,Route:Relation:7717542
Line:Relation:6957245,Route:Relation:4024679
Line:Relation:6957303,Route:Relation:2660622
Line:Relation:6957303,Route:Relation:1658373
Line:Relation:6957304,Route:Relation:7470548
Line:Relation:6957304,Route:Relation:6158174
Line:Relation:6957305,Route:Relation:6160385
Line:Relation:6957317,Route:Relation:3555554
Line:Relation:6957343,Route:Relation:6957342
Line:Relation:6958361,Route:Relation:6958359
Line:Relation:6958361,Route:Relation:6958360
Line:Relation:6958366,Route:Relation:6958364
Line:Relation:6958366,Route:Relation:6958365
Line:Relation:6958414,Route:Relation:6958413
Line:Relation:6958414,Route:Relation:6958412
Line:Relation:6970689,Route:Relation:6960489
Line:Relation:6972206,Route:Relation:3256475
Line:Relation:6972206,Route:Relation:3251556
Line:Relation:6972217,Route:Relation:6972216
Line:Relation:6972217,Route:Relation:6203397
Line:Relation:6972224,Route:Relation:2628374
Line:Relation:6972324,Route:Relation:5451823
Line:Relation:6972324,Route:Relation:3746223
Line:Relation:6972327,Route:Relation:3713263
Line:Relation:6980341,Route:Relation:6980339
Line:Relation:6980341,Route:Relation:6980340
Line:Relation:6985621,Route:Relation:6985620
Line:Relation:6985621,Route:Relation:6985619
Line:Relation:6985621,Route:Relation:6985618
Line:Relation:6985621,Route:Relation:6985617
Line:Relation:6991408,Route:Relation:6991407
Line:Relation:6991408,Route:Relation:2979637
Line:Relation:6991440,Route:Relation:3069536
Line:Relation:6991441,Route:Relation:3941999
Line:Relation:6991442,Route:Relation:3936088
Line:Relation:6993738,Route:Relation:6894071
Line:Relation:6994039,Route:Relation:2657536
Line:Relation:6994039,Route:Relation:7728547
Line:Relation:7003010,Route:Relation:7449900
Line:Relation:7003010,Route:Relation:3940843
Line:Relation:7003010,Route:Relation:7774069
Line:Relation:7003010,Route:Relation:7774538
Line:Relation:7011211,Route:Relation:1083332
Line:Relation:7011212,Route:Relation:1083331
Line:Relation:7011231,Route:Relation:6040810
Line:Relation:7011232,Route:Relation:2277158
Line:Relation:7011233,Route:Relation:2045294
Line:Relation:7011253,Route:Relation:3324678
Line:Relation:7011257,Route:Relation:7918733
Line:Relation:7011257,Route:Relation:7918734
Line:Relation:7011260,Route:Relation:3542069
Line:Relation:7011261,Route:Relation:3828100
Line:Relation:7011271,Route:Relation:6600463
Line:Relation:7011277,Route:Relation:2510192
Line:Relation:7011303,Route:Relation:7742583
Line:Relation:7011303,Route:Relation:7743171
Line:Relation:7011364,Route:Relation:6363378
Line:Relation:7011365,Route:Relation:6363539
Line:Relation:7011367,Route:Relation:2790668
Line:Relation:7011367,Route:Relation:7236568
Line:Relation:7011368,Route:Relation:6702706
Line:Relation:7011368,Route:Relation:7236566
Line:Relation:7011369,Route:Relation:2790670
Line:Relation:7011369,Route:Relation:7236565
Line:Relation:7011370,Route:Relation:2790669
Line:Relation:7011370,Route:Relation:7236567
Line:Relation:7073416,Route:Relation:7222834
Line:Relation:7073416,Route:Relation:7843764
Line:Relation:7073416,Route:Relation:7843961
Line:Relation:7073416,Route:Relation:7843960
Line:Relation:7074022,Route:Relation:2512002
Line:Relation:7074022,Route:Relation:7074021
Line:Relation:7095879,Route:Relation:6526973
Line:Relation:7095879,Route:Relation:7095878
Line:Relation:7095936,Route:Relation:3327937
Line:Relation:7095936,Route:Relation:5122471
Line:Relation:7097513,Route:Relation:107355
Line:Relation:7097520,Route:Relation:111253
Line:Relation:7097563,Route:Relation:111250
Line:Relation:7101485,Route:Relation:1312700
Line:Relation:7101486,Route:Relation:69321
Line:Relation:7105179,Route:Relation:7105178
Line:Relation:7105179,Route:Relation:1760441
Line:Relation:7105212,Route:Relation:7105211
Line:Relation:7105212,Route:Relation:2661807
Line:Relation:7111337,Route:Relation:6521980
Line:Relation:7111337,Route:Relation:6521962
Line:Relation:7111337,Route:Relation:4445015
Line:Relation:7111338,Route:Relation:7435637
Line:Relation:7111338,Route:Relation:4270357
Line:Relation:7111365,Route:Relation:7194713
Line:Relation:7111365,Route:Relation:4262579
Line:Relation:7111374,Route:Relation:7111406
Line:Relation:7111374,Route:Relation:4140698
Line:Relation:7114025,Route:Relation:7114042
Line:Relation:7114025,Route:Relation:5834392
Line:Relation:7119043,Route:Relation:7118954
Line:Relation:7119057,Route:Relation:4596540
Line:Relation:7119161,Route:Relation:3437807
Line:Relation:7119164,Route:Relation:4596713
Line:Relation:7123152,Route:Relation:7219833
Line:Relation:7123152,Route:Relation:7219832
Line:Relation:7123152,Route:Relation:7124206
Line:Relation:7123152,Route:Relation:7124205
Line:Relation:7123152,Route:Relation:7123753
Line:Relation:7123152,Route:Relation:7123151
Line:Relation:7123152,Route:Relation:7123150
Line:Relation:7136184,Route:Relation:150122
Line:Relation:7140481,Route:Relation:5976806
Line:Relation:7141723,Route:Relation:7141388
Line:Relation:7142127,Route:Relation:5976805
Line:Relation:7142158,Route:Relation:7142157
Line:Relation:7142158,Route:Relation:3162035
Line:Relation:7147174,Route:Relation:280115
Line:Relation:7147185,Route:Relation:388931
Line:Relation:7176897,Route:Relation:4430298
Line:Relation:7177053,Route:Relation:4430299
Line:Relation:7177088,Route:Relation:4430300
Line:Relation:7177156,Route:Relation:4430302
Line:Relation:7177169,Route:Relation:2757723
Line:Relation:7177170,Route:Relation:2757720
Line:Relation:7194122,Route:Relation:7194121
Line:Relation:7194122,Route:Relation:387826
Line:Relation:7194158,Route:Relation:1189561
Line:Relation:7194158,Route:Relation:1189795
Line:Relation:7194163,Route:Relation:1286111
Line:Relation:7194182,Route:Relation:1760448
Line:Relation:7194182,Route:Relation:1760443
Line:Relation:7194183,Route:Relation:1760445
Line:Relation:7194184,Route:Relation:1760442
Line:Relation:7199517,Route:Relation:3765072
Line:Relation:7199517,Route:Relation:7199516
Line:Relation:7202497,Route:Relation:7202496
Line:Relation:7202497,Route:Relation:6434211
Line:Relation:7202603,Route:Relation:2830919
Line:Relation:7202603,Route:Relation:7202602
Line:Relation:7202603,Route:Relation:3259758
Line:Relation:7204064,Route:Relation:7204063
Line:Relation:7204064,Route:Relation:7204062
Line:Relation:7208739,Route:Relation:4074279
Line:Relation:7208740,Route:Relation:4074278
Line:Relation:7214891,Route:Relation:3273701
Line:Relation:7224864,Route:Relation:3936208
Line:Relation:7226920,Route:Relation:7226919
Line:Relation:7226920,Route:Relation:7226918
Line:Relation:7227705,Route:Relation:4728208
Line:Relation:7227705,Route:Relation:123917
Line:Relation:7229017,Route:Relation:7229016
Line:Relation:7229017,Route:Relation:7229015
Line:Relation:7229181,Route:Relation:7229180
Line:Relation:7229181,Route:Relation:7229179
Line:Relation:7229182,Route:Relation:7229178
Line:Relation:7229182,Route:Relation:7229177
Line:Relation:7234663,Route:Relation:6907020
Line:Relation:7234666,Route:Relation:6906159
Line:Relation:7234686,Route:Relation:2437724
Line:Relation:7244705,Route:Relation:7244695
Line:Relation:7244706,Route:Relation:7244694
Line:Relation:7244792,Route:Relation:4873722
Line:Relation:7245040,Route:Relation:7244919
Line:Relation:7245040,Route:Relation:7244761
Line:Relation:7248309,Route:Relation:3757427
Line:Relation:7249260,Route:Relation:7249259
Line:Relation:7249260,Route:Relation:7249258
Line:Relation:7261212,Route:Relation:3097928
Line:Relation:7261212,Route:Relation:7261186
Line:Relation:7263065,Route:Relation:7263064
Line:Relation:7263065,Route:Relation:3906103
Line:Relation:7271953,Route:Relation:7271952
Line:Relation:7271953,Route:Relation:65456
Line:Relation:7280948,Route:Relation:7280947
Line:Relation:7280948,Route:Relation:7280946
Line:Relation:7282203,Route:Relation:7282205
Line:Relation:7282207,Route:Relation:7282206
Line:Relation:7282208,Route:Relation:7282204
Line:Relation:7282226,Route:Relation:7282225
Line:Relation:7282226,Route:Relation:7282224
Line:Relation:7287858,Route:Relation:7287856
Line:Relation:7287859,Route:Relation:7287857
Line:Relation:7292361,Route:Relation:2117015
Line:Relation:7292361,Route:Relation:7906392
Line:Relation:7292418,Route:Relation:2337965
Line:Relation:7301947,Route:Relation:7301946
Line:Relation:7301947,Route:Relation:7301945
Line:Relation:7304704,Route:Relation:7304703
Line:Relation:7304704,Route:Relation:2936255
Line:Relation:7318440,Route:Relation:7318438
Line:Relation:7318440,Route:Relation:7318439
Line:Relation:7323910,Route:Relation:3902452
Line:Relation:7323910,Route:Relation:7323909
Line:Relation:7323911,Route:Relation:3902453
Line:Relation:7323911,Route:Relation:7323908
Line:Relation:7324303,Route:Relation:7324302
Line:Relation:7324303,Route:Relation:7324301
Line:Relation:7324496,Route:Relation:7324494
Line:Relation:7324496,Route:Relation:7324495
Line:Relation:7331862,Route:Relation:7331860
Line:Relation:7331862,Route:Relation:3352494
Line:Relation:7346820,Route:Relation:7346835
Line:Relation:7346820,Route:Relation:7348732
Line:Relation:7353488,Route:Relation:7353487
Line:Relation:7353488,Route:Relation:7358494
Line:Relation:7353808,Route:Relation:7353807
Line:Relation:7359261,Route:Relation:7359260
Line:Relation:7359261,Route:Relation:7360185
Line:Relation:7364631,Route:Relation:7362987
Line:Relation:7364631,Route:Relation:7364645
Line:Relation:7370851,Route:Relation:7370544
Line:Relation:7370851,Route:Relation:7370856
Line:Relation:7372176,Route:Relation:7370970
Line:Relation:7372176,Route:Relation:7372198
Line:Relation:7372176,Route:Relation:7372792
Line:Relation:7372176,Route:Relation:7373386
Line:Relation:7373447,Route:Relation:7373446
Line:Relation:7373447,Route:Relation:7375096
Line:Relation:7373447,Route:Relation:7375067
Line:Relation:7373447,Route:Relation:7423732
Line:Relation:7373447,Route:Relation:7426025
Line:Relation:7373447,Route:Relation:7426018
Line:Relation:7387039,Route:Relation:111251
Line:Relation:7394201,Route:Relation:7421162
Line:Relation:7394201,Route:Relation:7403102
Line:Relation:7394201,Route:Relation:7403104
Line:Relation:7394201,Route:Relation:7403103
Line:Relation:7394201,Route:Relation:7402752
Line:Relation:7394201,Route:Relation:7401256
Line:Relation:7394201,Route:Relation:7400783
Line:Relation:7394201,Route:Relation:7400782
Line:Relation:7394201,Route:Relation:7400566
Line:Relation:7394201,Route:Relation:7400565
Line:Relation:7394201,Route:Relation:7400259
Line:Relation:7394201,Route:Relation:7400260
Line:Relation:7394201,Route:Relation:7398096
Line:Relation:7394201,Route:Relation:7394200
Line:Relation:7394201,Route:Relation:7393099
Line:Relation:7394201,Route:Relation:7394199
Line:Relation:7394201,Route:Relation:7393100
Line:Relation:7399969,Route:Relation:2569043
Line:Relation:7399969,Route:Relation:7915209
Line:Relation:7404891,Route:Relation:7404890
Line:Relation:7413474,Route:Relation:6115743
Line:Relation:7413493,Route:Relation:4648084
Line:Relation:7419766,Route:Relation:7419765
Line:Relation:7419766,Route:Relation:7405822
Line:Relation:7419766,Route:Relation:7422203
Line:Relation:7419766,Route:Relation:7422209
Line:Relation:7420641,Route:Relation:7731234
Line:Relation:7420641,Route:Relation:7731233
Line:Relation:7420641,Route:Relation:7731235
Line:Relation:7420641,Route:Relation:123799
Line:Relation:7420642,Route:Relation:123775
Line:Relation:7420642,Route:Relation:7731178
Line:Relation:7420643,Route:Relation:123792
Line:Relation:7420643,Route:Relation:5456634
Line:Relation:7420644,Route:Relation:123564
Line:Relation:7420644,Route:Relation:7731215
Line:Relation:7420645,Route:Relation:4730854
Line:Relation:7420645,Route:Relation:123674
Line:Relation:7420646,Route:Relation:5456573
Line:Relation:7420646,Route:Relation:123802
Line:Relation:7420696,Route:Relation:370597
Line:Relation:7420696,Route:Relation:7306310
Line:Relation:7420696,Route:Relation:7306044
Line:Relation:7420696,Route:Relation:7306309
Line:Relation:7420696,Route:Relation:7306045
Line:Relation:7420697,Route:Relation:369441
Line:Relation:7420698,Route:Relation:253324
Line:Relation:7420698,Route:Relation:7745132
Line:Relation:7420698,Route:Relation:7745131
Line:Relation:7420698,Route:Relation:7745145
Line:Relation:7420698,Route:Relation:7775137
Line:Relation:7420698,Route:Relation:7745143
Line:Relation:7420698,Route:Relation:7745141
Line:Relation:7420698,Route:Relation:7745139
Line:Relation:7420698,Route:Relation:7745137
Line:Relation:7420698,Route:Relation:7745135
Line:Relation:7420698,Route:Relation:7745133
Line:Relation:7420698,Route:Relation:7778040
Line:Relation:7420698,Route:Relation:7745146
Line:Relation:7420698,Route:Relation:7745144
Line:Relation:7420698,Route:Relation:7745142
Line:Relation:7420698,Route:Relation:7745140
Line:Relation:7420698,Route:Relation:7745138
Line:Relation:7420698,Route:Relation:7745136
Line:Relation:7420698,Route:Relation:7745134
Line:Relation:7420698,Route:Relation:7778539
Line:Relation:7420698,Route:Relation:7778540
Line:Relation:7420698,Route:Relation:7747966
Line:Relation:7420698,Route:Relation:7747971
Line:Relation:7420699,Route:Relation:185453
Line:Relation:7420700,Route:Relation:188292
Line:Relation:7420701,Route:Relation:65074
Line:Relation:7423385,Route:Relation:6362946
Line:Relation:7423385,Route:Relation:7423384
Line:Relation:7423788,Route:Relation:2968022
Line:Relation:7423788,Route:Relation:5130609
Line:Relation:7423789,Route:Relation:2344963
Line:Relation:7423790,Route:Relation:2968061
Line:Relation:7423790,Route:Relation:2344962
Line:Relation:7423843,Route:Relation:4635342
Line:Relation:7423844,Route:Relation:4635341
Line:Relation:7425043,Route:Relation:7425681
Line:Relation:7426004,Route:Relation:7426003
Line:Relation:7426004,Route:Relation:7426002
Line:Relation:7426172,Route:Relation:7426171
Line:Relation:7426172,Route:Relation:7429169
Line:Relation:7426172,Route:Relation:7429179
Line:Relation:7426172,Route:Relation:7429236
Line:Relation:7427861,Route:Relation:7427860
Line:Relation:7427861,Route:Relation:2328082
Line:Relation:7430094,Route:Relation:7431039
Line:Relation:7430094,Route:Relation:7430093
Line:Relation:7433093,Route:Relation:7432837
Line:Relation:7433093,Route:Relation:7434033
Line:Relation:7434957,Route:Relation:7434955
Line:Relation:7434957,Route:Relation:7434956
Line:Relation:7435393,Route:Relation:7435405
Line:Relation:7435393,Route:Relation:7435392
Line:Relation:7435462,Route:Relation:7435460
Line:Relation:7435462,Route:Relation:7435461
Line:Relation:7435571,Route:Relation:7435313
Line:Relation:7435571,Route:Relation:7435609
Line:Relation:7435863,Route:Relation:7435799
Line:Relation:7435863,Route:Relation:7437264
Line:Relation:7441248,Route:Relation:7441246
Line:Relation:7441248,Route:Relation:7439627
Line:Relation:7442593,Route:Relation:7441309
Line:Relation:7442593,Route:Relation:7442592
Line:Relation:7442593,Route:Relation:7459502
Line:Relation:7442593,Route:Relation:7460802
Line:Relation:7444602,Route:Relation:7444601
Line:Relation:7444602,Route:Relation:223747
Line:Relation:7447451,Route:Relation:7447450
Line:Relation:7447656,Route:Relation:7831193
Line:Relation:7447656,Route:Relation:7160123
Line:Relation:7447705,Route:Relation:7447734
Line:Relation:7447705,Route:Relation:949581
Line:Relation:7447787,Route:Relation:7380394
Line:Relation:7447787,Route:Relation:7380393
Line:Relation:7448624,Route:Relation:5474036
Line:Relation:7448624,Route:Relation:7448614
Line:Relation:7448624,Route:Relation:7448762
Line:Relation:7448624,Route:Relation:7448869
Line:Relation:7448624,Route:Relation:7980987
Line:Relation:7448624,Route:Relation:7980853
Line:Relation:7449948,Route:Relation:6888914
Line:Relation:7449948,Route:Relation:6890608
Line:Relation:7451164,Route:Relation:7446782
Line:Relation:7451164,Route:Relation:7451163
Line:Relation:7451164,Route:Relation:7454133
Line:Relation:7451164,Route:Relation:7454142
Line:Relation:7457086,Route:Relation:7454172
Line:Relation:7457086,Route:Relation:7457084
Line:Relation:7457086,Route:Relation:7457102
Line:Relation:7457086,Route:Relation:7459457
Line:Relation:7460875,Route:Relation:7460851
Line:Relation:7460875,Route:Relation:7462173
Line:Relation:7466920,Route:Relation:7699493
Line:Relation:7466920,Route:Relation:3475445
Line:Relation:7466937,Route:Relation:7466936
Line:Relation:7466937,Route:Relation:1057578
Line:Relation:7470484,Route:Relation:3681135
Line:Relation:7471869,Route:Relation:7471867
Line:Relation:7471869,Route:Relation:7471868
Line:Relation:7474293,Route:Relation:7474292
Line:Relation:7474293,Route:Relation:7474291
Line:Relation:7475032,Route:Relation:7475031
Line:Relation:7475032,Route:Relation:4307744
Line:Relation:7479245,Route:Relation:7479244
Line:Relation:7479245,Route:Relation:3440855
Line:Relation:7482557,Route:Relation:2920520
Line:Relation:7483890,Route:Relation:534174
Line:Relation:7483894,Route:Relation:1436732
Line:Relation:7483908,Route:Relation:7168628
Line:Relation:7483908,Route:Relation:7168622
Line:Relation:7517220,Route:Relation:7517212
Line:Relation:7517220,Route:Relation:7517213
Line:Relation:7517221,Route:Relation:7517214
Line:Relation:7517221,Route:Relation:7517215
Line:Relation:7517221,Route:Relation:7916789
Line:Relation:7517221,Route:Relation:7916790
Line:Relation:7517222,Route:Relation:7517217
Line:Relation:7517222,Route:Relation:7517216
Line:Relation:7517223,Route:Relation:7517218
Line:Relation:7517223,Route:Relation:7517219
Line:Relation:7517252,Route:Relation:7517250
Line:Relation:7517253,Route:Relation:7517251
Line:Relation:7529342,Route:Relation:2124741
Line:Relation:7532322,Route:Relation:4277354
Line:Relation:7537818,Route:Relation:5145500
Line:Relation:7537818,Route:Relation:5145501
Line:Relation:7537834,Route:Relation:5120317
Line:Relation:7537834,Route:Relation:5120470
Line:Relation:7572183,Route:Relation:7597844
Line:Relation:7572183,Route:Relation:7597618
Line:Relation:7572183,Route:Relation:7597619
Line:Relation:7572183,Route:Relation:7596023
Line:Relation:7572183,Route:Relation:7596024
Line:Relation:7572183,Route:Relation:7596025
Line:Relation:7572183,Route:Relation:7592467
Line:Relation:7572183,Route:Relation:7592468
Line:Relation:7572183,Route:Relation:7592466
Line:Relation:7572183,Route:Relation:7592469
Line:Relation:7572183,Route:Relation:7592470
Line:Relation:7572183,Route:Relation:7591783
Line:Relation:7572183,Route:Relation:7585577
Line:Relation:7572183,Route:Relation:7585578
Line:Relation:7572183,Route:Relation:7582235
Line:Relation:7572183,Route:Relation:7581817
Line:Relation:7572183,Route:Relation:7572182
Line:Relation:7572183,Route:Relation:7572181
Line:Relation:7572183,Route:Relation:7775138
Line:Relation:7573289,Route:Relation:7616485
Line:Relation:7573289,Route:Relation:7708182
Line:Relation:7592991,Route:Relation:7375316
Line:Relation:7618243,Route:Relation:2307564
Line:Relation:7618269,Route:Relation:4230848
Line:Relation:7618269,Route:Relation:7618268
Line:Relation:7618295,Route:Relation:7618294
Line:Relation:7618295,Route:Relation:4831101
Line:Relation:7618345,Route:Relation:4831103
Line:Relation:7618346,Route:Relation:4831102
Line:Relation:7618347,Route:Relation:2307565
Line:Relation:7618348,Route:Relation:7618344
Line:Relation:7634948,Route:Relation:4789067
Line:Relation:7634948,Route:Relation:7634947
Line:Relation:7668788,Route:Relation:7668786
Line:Relation:7668788,Route:Relation:7668787
Line:Relation:7668788,Route:Relation:7720588
Line:Relation:7668788,Route:Relation:7720587
Line:Relation:7670510,Route:Relation:7670508
Line:Relation:7670510,Route:Relation:7670509
Line:Relation:7670803,Route:Relation:7670801
Line:Relation:7670803,Route:Relation:7670802
Line:Relation:7673346,Route:Relation:7673343
Line:Relation:7673346,Route:Relation:7673344
Line:Relation:7673346,Route:Relation:7673345
Line:Relation:7673721,Route:Relation:7673662
Line:Relation:7677900,Route:Relation:3235487
Line:Relation:7677901,Route:Relation:3235365
Line:Relation:7677902,Route:Relation:3230968
Line:Relation:7677902,Route:Relation:3230967
Line:Relation:7677999,Route:Relation:7677998
Line:Relation:7677999,Route:Relation:7677997
Line:Relation:7678000,Route:Relation:7677995
Line:Relation:7678000,Route:Relation:7677996
Line:Relation:7678060,Route:Relation:7678055
Line:Relation:7678060,Route:Relation:7678054
Line:Relation:7678061,Route:Relation:7678057
Line:Relation:7678061,Route:Relation:7678056
Line:Relation:7678062,Route:Relation:7678059
Line:Relation:7678062,Route:Relation:7678058
Line:Relation:7678074,Route:Relation:7678072
Line:Relation:7678074,Route:Relation:7678073
Line:Relation:7678094,Route:Relation:7678093
Line:Relation:7678094,Route:Relation:7678092
Line:Relation:7699451,Route:Relation:7699449
Line:Relation:7699451,Route:Relation:7699450
Line:Relation:7699451,Route:Relation:7916480
Line:Relation:7699451,Route:Relation:7916479
Line:Relation:7699452,Route:Relation:7699448
Line:Relation:7704305,Route:Relation:7661968
Line:Relation:7707602,Route:Relation:7707600
Line:Relation:7707602,Route:Relation:7707601
Line:Relation:7721711,Route:Relation:7721409
Line:Relation:7721711,Route:Relation:7005558
Line:Relation:7724674,Route:Relation:7724672
Line:Relation:7724674,Route:Relation:7724671
Line:Relation:7724675,Route:Relation:7724673
Line:Relation:7728377,Route:Relation:3531645
Line:Relation:7728377,Route:Relation:3534854
Line:Relation:7728377,Route:Relation:3534875
Line:Relation:7728420,Route:Relation:7728419
Line:Relation:7728420,Route:Relation:7524060
Line:Relation:7733214,Route:Relation:7731250
Line:Relation:7733214,Route:Relation:123789
Line:Relation:7734523,Route:Relation:7773541
Line:Relation:7734523,Route:Relation:2351724
Line:Relation:7734525,Route:Relation:2351716
Line:Relation:7734525,Route:Relation:7734524
Line:Relation:7734583,Route:Relation:7734582
Line:Relation:7734583,Route:Relation:5476415
Line:Relation:7741077,Route:Relation:107353
Line:Relation:7743343,Route:Relation:2757717
Line:Relation:7743345,Route:Relation:2707619
Line:Relation:7752065,Route:Relation:417691
Line:Relation:7752065,Route:Relation:7752064
Line:Relation:7753791,Route:Relation:1286916
Line:Relation:7753791,Route:Relation:1286298
Line:Relation:7757955,Route:Relation:7757953
Line:Relation:7757955,Route:Relation:3256020
Line:Relation:7779421,Route:Relation:7779419
Line:Relation:7779421,Route:Relation:7779420
Line:Relation:7781376,Route:Relation:7826653
Line:Relation:7781376,Route:Relation:7826663
Line:Relation:7781895,Route:Relation:4751888
Line:Relation:7781895,Route:Relation:7781894
Line:Relation:7782019,Route:Relation:7782013
Line:Relation:7782019,Route:Relation:7782018
Line:Relation:7782316,Route:Relation:7782315
Line:Relation:7782316,Route:Relation:7782310
Line:Relation:7783242,Route:Relation:7783241
Line:Relation:7783242,Route:Relation:7783229
Line:Relation:7783262,Route:Relation:7783250
Line:Relation:7783262,Route:Relation:7783261
Line:Relation:7784991,Route:Relation:7784946
Line:Relation:7784991,Route:Relation:7784990
Line:Relation:7790644,Route:Relation:7790643
Line:Relation:7790644,Route:Relation:5499190
Line:Relation:7791161,Route:Relation:7791159
Line:Relation:7791161,Route:Relation:7791160
Line:Relation:7791162,Route:Relation:7791158
Line:Relation:7791162,Route:Relation:7791157
Line:Relation:7792140,Route:Relation:4067215
Line:Relation:7792140,Route:Relation:5126098
Line:Relation:7792140,Route:Relation:7792196
Line:Relation:7792140,Route:Relation:7792197
Line:Relation:7795190,Route:Relation:7795189
Line:Relation:7795190,Route:Relation:5426282
Line:Relation:7795190,Route:Relation:7795250
Line:Relation:7796849,Route:Relation:3539191
Line:Relation:7796849,Route:Relation:3539190
Line:Relation:7797072,Route:Relation:6709070
Line:Relation:7797072,Route:Relation:7797071
Line:Relation:7797125,Route:Relation:6709117
Line:Relation:7797135,Route:Relation:6709280
Line:Relation:7797146,Route:Relation:6709457
Line:Relation:7797165,Route:Relation:6709485
Line:Relation:7797176,Route:Relation:6712545
Line:Relation:7797177,Route:Relation:6709504
Line:Relation:7797293,Route:Relation:6712781
Line:Relation:7797300,Route:Relation:6748081
Line:Relation:7797398,Route:Relation:6748114
Line:Relation:7797401,Route:Relation:6748790
Line:Relation:7797582,Route:Relation:7797581
Line:Relation:7797582,Route:Relation:5668596
Line:Relation:7797759,Route:Relation:5120954
Line:Relation:7797759,Route:Relation:2498057
Line:Relation:7798582,Route:Relation:4646782
Line:Relation:7798582,Route:Relation:4646781
Line:Relation:7798590,Route:Relation:7798589
Line:Relation:7798590,Route:Relation:7798588
Line:Relation:7799660,Route:Relation:4663564
Line:Relation:7799660,Route:Relation:4663565
Line:Relation:7800092,Route:Relation:7800009
Line:Relation:7800092,Route:Relation:7800007
Line:Relation:7800092,Route:Relation:7800008
Line:Relation:7800304,Route:Relation:4651170
Line:Relation:7800304,Route:Relation:4651169
Line:Relation:7800445,Route:Relation:7800436
Line:Relation:7800445,Route:Relation:7800433
Line:Relation:7800857,Route:Relation:3165822
Line:Relation:7800857,Route:Relation:3165798
Line:Relation:7801058,Route:Relation:7801007
Line:Relation:7801058,Route:Relation:7801026
Line:Relation:7801058,Route:Relation:7901154
Line:Relation:7801058,Route:Relation:7901156
Line:Relation:7802464,Route:Relation:7802279
Line:Relation:7802464,Route:Relation:4297051
Line:Relation:7802906,Route:Relation:7802905
Line:Relation:7802906,Route:Relation:7802904
Line:Relation:7802906,Route:Relation:7802918
Line:Relation:7803053,Route:Relation:7803022
Line:Relation:7803053,Route:Relation:7803052
Line:Relation:7803053,Route:Relation:7803023
Line:Relation:7803053,Route:Relation:7803051
Line:Relation:7803143,Route:Relation:7803141
Line:Relation:7803143,Route:Relation:7803142
Line:Relation:7803998,Route:Relation:7819143
Line:Relation:7803998,Route:Relation:7819144
Line:Relation:7803998,Route:Relation:7819172
Line:Relation:7803998,Route:Relation:7818643
Line:Relation:7804791,Route:Relation:7804789
Line:Relation:7804791,Route:Relation:7804788
Line:Relation:7804907,Route:Relation:7804895
Line:Relation:7804907,Route:Relation:7804896
Line:Relation:7804913,Route:Relation:7740240
Line:Relation:7804913,Route:Relation:7740239
Line:Relation:7804946,Route:Relation:3161341
Line:Relation:7804946,Route:Relation:5239650
Line:Relation:7804946,Route:Relation:3161782
Line:Relation:7804946,Route:Relation:5239631
Line:Relation:7813672,Route:Relation:7813670
Line:Relation:7813672,Route:Relation:7813671
Line:Relation:7813672,Route:Relation:7837721
Line:Relation:7813672,Route:Relation:7837720
Line:Relation:7823152,Route:Relation:7245733
Line:Relation:7823152,Route:Relation:7823057
Line:Relation:7823186,Route:Relation:7917815
Line:Relation:7823186,Route:Relation:7917814
Line:Relation:7823186,Route:Relation:7917813
Line:Relation:7823264,Route:Relation:2175124
Line:Relation:7823264,Route:Relation:7823246
Line:Relation:7829995,Route:Relation:7829994
Line:Relation:7829995,Route:Relation:7829993
Line:Relation:7835489,Route:Relation:7804633
Line:Relation:7835489,Route:Relation:7835488
Line:Relation:7838629,Route:Relation:7838628
Line:Relation:7838629,Route:Relation:7838627
Line:Relation:7840989,Route:Relation:7840988
Line:Relation:7840989,Route:Relation:7840987
Line:Relation:7841677,Route:Relation:7841676
Line:Relation:7841677,Route:Relation:7841675
Line:Relation:7842828,Route:Relation:7842827
Line:Relation:7842828,Route:Relation:7842826
Line:Relation:7843394,Route:Relation:371128
Line:Relation:7843394,Route:Relation:5146027
Line:Relation:7844609,Route:Relation:7844608
Line:Relation:7844609,Route:Relation:7844605
Line:Relation:7844609,Route:Relation:7844606
Line:Relation:7844609,Route:Relation:7844607
Line:Relation:7845781,Route:Relation:7845736
Line:Relation:7845781,Route:Relation:7845749
Line:Relation:7845781,Route:Relation:7845693
Line:Relation:7853637,Route:Relation:1240493
Line:Relation:7853637,Route:Relation:7853636
Line:Relation:7884440,Route:Relation:4225928
Line:Relation:7887299,Route:Relation:2703186
Line:Relation:7887299,Route:Relation:2719743
Line:Relation:7889073,Route:Relation:7871130
Line:Relation:7889073,Route:Relation:7871128
Line:Relation:7889073,Route:Relation:7892858
Line:Relation:7889073,Route:Relation:7892898
Line:Relation:7889073,Route:Relation:7893059
Line:Relation:7889073,Route:Relation:7893205
Line:Relation:7889073,Route:Relation:7893254
Line:Relation:7889073,Route:Relation:7893267
Line:Relation:7889073,Route:Relation:7893415
Line:Relation:7890329,Route:Relation:2709060
Line:Relation:7890329,Route:Relation:7890328
Line:Relation:7890329,Route:Relation:7891128
Line:Relation:7890329,Route:Relation:7890878
Line:Relation:7901303,Route:Relation:7901329
Line:Relation:7901303,Route:Relation:7901328
Line:Relation:7902022,Route:Relation:7902030
Line:Relation:7902022,Route:Relation:7902031
Line:Relation:7902826,Route:Relation:7902827
Line:Relation:7903216,Route:Relation:7903214
Line:Relation:7903216,Route:Relation:7903215
Line:Relation:7904435,Route:Relation:7904401
Line:Relation:7904435,Route:Relation:7904372
Line:Relation:7904435,Route:Relation:7904880
Line:Relation:7906370,Route:Relation:7906404
Line:Relation:7906370,Route:Relation:7906403
Line:Relation:7908381,Route:Relation:7910764
Line:Relation:7908381,Route:Relation:7736753
Line:Relation:7909099,Route:Relation:7909097
Line:Relation:7909099,Route:Relation:7909098
Line:Relation:7912028,Route:Relation:3879033
Line:Relation:7912028,Route:Relation:3879034
Line:Relation:7917619,Route:Relation:2335078
Line:Relation:7917629,Route:Relation:4273336
Line:Relation:7917746,Route:Relation:7917725
Line:Relation:7917760,Route:Relation:5272298
Line:Relation:7917762,Route:Relation:7917761
Line:Relation:7917813,Route:Relation:7822177
Line:Relation:7917813,Route:Relation:2173342
Line:Relation:7917814,Route:Relation:7822164
Line:Relation:7917814,Route:Relation:2172384
Line:Relation:7917815,Route:Relation:2174156
Line:Relation:7917815,Route:Relation:7822153
Line:Relation:7917842,Route:Relation:7917841
Line:Relation:7917842,Route:Relation:4256382
Line:Relation:7917900,Route:Relation:2549395
Line:Relation:7918097,Route:Relation:6116859
Line:Relation:7918097,Route:Relation:6116915
Line:Relation:7918097,Route:Relation:6116098
Line:Relation:7918733,Route:Relation:3335086
Line:Relation:7918734,Route:Relation:3904104
Line:Relation:7920514,Route:Relation:4659041
Line:Relation:7920514,Route:Relation:4659042
Line:Relation:7920589,Route:Relation:5602183
Line:Relation:7920954,Route:Relation:7804891
Line:Relation:7920955,Route:Relation:7798598
Line:Relation:7920956,Route:Relation:7781935
Line:Relation:7920957,Route:Relation:7753012
Line:Relation:7920958,Route:Relation:7554812
Line:Relation:7920959,Route:Relation:7369313
Line:Relation:7920960,Route:Relation:7369153
Line:Relation:7920961,Route:Relation:7168821
Line:Relation:7920962,Route:Relation:7153759
Line:Relation:7920963,Route:Relation:7153017
Line:Relation:7920964,Route:Relation:7111420
Line:Relation:7920965,Route:Relation:7108639
Line:Relation:7920966,Route:Relation:6863978
Line:Relation:7920967,Route:Relation:6790571
Line:Relation:7920968,Route:Relation:6790570
Line:Relation:7920969,Route:Relation:6789382
Line:Relation:7920972,Route:Relation:6768639
Line:Relation:7920973,Route:Relation:6755766
Line:Relation:7920974,Route:Relation:6368485
Line:Relation:7920975,Route:Relation:6039577
Line:Relation:7920976,Route:Relation:6024999
Line:Relation:7920977,Route:Relation:6024998
Line:Relation:7920978,Route:Relation:5962947
Line:Relation:7920978,Route:Relation:7970639
Line:Relation:7920979,Route:Relation:5407502
Line:Relation:7920980,Route:Relation:5280637
Line:Relation:7920981,Route:Relation:5272371
Line:Relation:7920982,Route:Relation:4860737
Line:Relation:7920983,Route:Relation:4799453
Line:Relation:7920984,Route:Relation:4788900
Line:Relation:7920985,Route:Relation:4780764
Line:Relation:7920986,Route:Relation:4769822
Line:Relation:7920987,Route:Relation:4741184
Line:Relation:7920988,Route:Relation:4740036
Line:Relation:7920989,Route:Relation:4739991
Line:Relation:7920990,Route:Relation:4739966
Line:Relation:7920991,Route:Relation:4736655
Line:Relation:7920992,Route:Relation:4674747
Line:Relation:7920993,Route:Relation:4651516
Line:Relation:7920994,Route:Relation:4646862
Line:Relation:7920995,Route:Relation:4427697
Line:Relation:7920996,Route:Relation:4397859
Line:Relation:7920997,Route:Relation:4277353
Line:Relation:7920998,Route:Relation:4099206
Line:Relation:7920999,Route:Relation:4058892
Line:Relation:7921000,Route:Relation:4054053
Line:Relation:7921001,Route:Relation:4053845
Line:Relation:7921002,Route:Relation:4047765
Line:Relation:7921003,Route:Relation:4046926
Line:Relation:7921004,Route:Relation:4046879
Line:Relation:7921005,Route:Relation:4043891
Line:Relation:7921006,Route:Relation:4043799
Line:Relation:7921007,Route:Relation:3974596
Line:Relation:7921008,Route:Relation:3972234
Line:Relation:7921009,Route:Relation:3936192
Line:Relation:7921010,Route:Relation:3934297
Line:Relation:7921011,Route:Relation:3924940
Line:Relation:7921012,Route:Relation:3912090
Line:Relation:7921013,Route:Relation:3897185
Line:Relation:7921014,Route:Relation:3896571
Line:Relation:7921015,Route:Relation:3896429
Line:Relation:7921016,Route:Relation:3809897
Line:Relation:7921017,Route:Relation:3800131
Line:Relation:7921018,Route:Relation:3584760
Line:Relation:7921019,Route:Relation:3570692
Line:Relation:7921020,Route:Relation:3559005
Line:Relation:7921021,Route:Relation:3558529
Line:Relation:7921022,Route:Relation:3555553
Line:Relation:7921023,Route:Relation:3545424
Line:Relation:7921024,Route:Relation:3332365
Line:Relation:7921025,Route:Relation:3173325
Line:Relation:7921026,Route:Relation:3045950
Line:Relation:7921027,Route:Relation:2958298
Line:Relation:7921028,Route:Relation:2928125
Line:Relation:7921029,Route:Relation:2757718
Line:Relation:7921030,Route:Relation:2757715
Line:Relation:7921031,Route:Relation:2707618
Line:Relation:7921032,Route:Relation:2707047
Line:Relation:7921033,Route:Relation:2705154
Line:Relation:7921034,Route:Relation:2665067
Line:Relation:7921035,Route:Relation:2665052
Line:Relation:7921036,Route:Relation:2575610
Line:Relation:7921038,Route:Relation:2511927
Line:Relation:7921039,Route:Relation:2336377
Line:Relation:7921040,Route:Relation:2247734
Line:Relation:7921041,Route:Relation:2005241
Line:Relation:7921042,Route:Relation:1760446
Line:Relation:7921043,Route:Relation:1709744
Line:Relation:7921044,Route:Relation:1692201
Line:Relation:7921045,Route:Relation:1658374
Line:Relation:7921046,Route:Relation:1658372
Line:Relation:7921047,Route:Relation:1658297
Line:Relation:7921048,Route:Relation:1658284
Line:Relation:7921049,Route:Relation:1551324
Line:Relation:7921050,Route:Relation:1535992
Line:Relation:7921051,Route:Relation:1239821
Line:Relation:7921052,Route:Relation:1086658
Line:Relation:7921053,Route:Relation:954974
Line:Relation:7921054,Route:Relation:611688
Line:Relation:7921055,Route:Relation:444098
Line:Relation:7921056,Route:Relation:111252
Line:Relation:7921433,Route:Relation:2502854
Line:Relation:7922043,Route:Relation:7305131
Line:Relation:7922051,Route:Relation:1760451
Line:Relation:7922077,Route:Relation:7910780
Line:Relation:7975655,Route:Relation:7896636
Line:Relation:7975665,Route:Relation:7896604
Line:Relation:7975668,Route:Relation:7804858
Line:Relation:7980611,Route:Relation:7980610
